{
  "timestamp": "2026-02-24 10:29:54",
  "sessions": [
    "sessionB01",
    "sessionB02",
    "sessionB03",
    "sessionB04",
    "sessionB05"
  ],
  "profile_opening_angle": 60.0,
  "profile_steps": 21,
  "echo_artifact_dir": "EchoProcessor",
  "train_quadrants": [
    0,
    1,
    2
  ],
  "test_quadrant": 3,
  "validation_split": 0.2,
  "batch_size": 64,
  "epochs": 120,
  "patience": 12,
  "learning_rate": 0.001,
  "l2_reg": 0.0001,
  "dropout": 0.1,
  "hidden_sizes": [
    128,
    128,
    64
  ],
  "head_hidden_size": 96,
  "normalize_x": true,
  "normalize_y": true,
  "use_feature_augmentation": true,
  "distance_loss_weight": 1.0,
  "iid_loss_weight": 1.5,
  "distance_huber_delta": 1.0,
  "iid_huber_delta": 2.0,
  "enable_output_calibration": true,
  "use_iid_sample_weighting": true,
  "iid_positive_weight": 1.25,
  "iid_near_zero_abs_db": 1.5,
  "iid_near_zero_weight": 1.25,
  "iid_tail_abs_db": 5.0,
  "iid_tail_weight": 1.25,
  "teacher_batch_size": 512,
  "num_train": 1518,
  "num_val": 380,
  "num_test": 602,
  "input_feature_dim": 26,
  "metrics": {
    "distance": {
      "rmse_mm": 106.87582397460938,
      "mae_mm": 75.9600830078125,
      "bias_mm": -1.39133882522583,
      "pearson": 0.9476224057658797,
      "spearman": 0.9576827995389908
    },
    "iid": {
      "rmse_db": 2.079261541366577,
      "mae_db": 1.6277716159820557,
      "bias_db": -0.2601546347141266,
      "pearson": 0.8861515215412328,
      "spearman": 0.8918967827734369,
      "sign_accuracy": 0.8754152823920266,
      "sign_confusion_counts": {
        "true_pos_pred_pos": 205,
        "true_pos_pred_neg": 47,
        "true_neg_pred_pos": 28,
        "true_neg_pred_neg": 322
      },
      "sign_accuracy_true_pos": 0.8134920634920635,
      "sign_accuracy_true_neg": 0.92,
      "sign_n": 602
    }
  },
  "calibration": [
    {
      "slope": 1.0081772761288097,
      "intercept": -25.120923970414577
    },
    {
      "slope": 0.9402137575713451,
      "intercept": -0.11576243201088099
    }
  ],
  "norm_stats": {
    "x_mean": [
      1497.94873046875,
      1502.7164306640625,
      1501.8883056640625,
      1497.6866455078125,
      1491.4588623046875,
      1486.8447265625,
      1484.48681640625,
      1474.484130859375,
      1469.6976318359375,
      1467.5963134765625,
      1465.5330810546875,
      1464.3336181640625,
      1462.9093017578125,
      1457.33056640625,
      1450.0260009765625,
      1444.6185302734375,
      1438.5902099609375,
      1437.0250244140625,
      1426.590087890625,
      1415.427490234375,
      1411.718017578125,
      1040.908447265625,
      0.5511528253555298,
      39.24816131591797,
      -3.4555013179779053,
      0.5045203566551208
    ],
    "x_std": [
      719.2407836914062,
      701.400146484375,
      683.07763671875,
      664.0677490234375,
      642.8316040039062,
      624.216552734375,
      610.4532470703125,
      596.00341796875,
      588.6788940429688,
      587.3995361328125,
      587.3326416015625,
      588.610595703125,
      594.3448486328125,
      600.832763671875,
      602.6629638671875,
      609.4452514648438,
      616.6497192382812,
      626.2470092773438,
      633.9783325195312,
      638.5784912109375,
      652.5919799804688,
      378.1380615234375,
      0.46124741435050964,
      514.4307861328125,
      206.87522888183594,
      0.05956357344985008
    ],
    "y_mean": [
      1040.815673828125,
      -0.6594977974891663
    ],
    "y_std": [
      348.8699951171875,
      4.057314872741699
    ]
  }
}